,District,VDC/Municipality,Localbody,VDC/Municipality_Stripped
0,,,,
1,,,,
2,Baglung,Dhorpatan Municipality,Dhorpatan Hunting Reserve,Dhorpatan
3,Baglung,Dhorpatan Municipality,Dhorpatan,Dhorpatan
4,Baglung,Dhorpatan Municipality,Dhorpatan Hunting Reserve,Dhorpatan
5,Baglung,Dhorpatan Municipality,Dhorpatan Hunting Reserve,Dhorpatan
6,Kathmandu,Tarakeshwor Municipality,Tarakeshwor,Tarakeshwor
7,Makawanpur,Hetauda Submetropolitan City,Hetauda,Hetauda
8,Taplejung,Meringden Rural Municipality,Meringden,Meringden
9,Dolakha,Baiteshwor Rural Municipality,Baiteshwor,Baiteshwor
10,Bara,Pheta Rural Municipality,Pheta,Pheta
11,Rautahat,Phatuwabijaypur Municipality,,Phatuwabijaypur
12,Sarlahi,Harion Municipality,,Harion
13,Jhapa,Mechinagar Municipality,Mechinagar,Mechinagar
14,Khotang,Halesituwachung Municipality,,Halesituwachung
15,Jajarkot,Junichaande Rural Municipality,,Junichaande
16,Bardiya,Gulariya Municipality,Gulariya,Gulariya
17,Banke,Baijanath Rural Municipality,Baijanath,Baijanath
18,Dang,Rajpur Rural Municipality,Rajpur,Rajpur
19,Dang,Rajpur Rural Municipality,Rajpur,Rajpur
20,Shyanja,Bheerkot Municipality,,Bheerkot
21,Kathmandu,Kathmandu Metropolitan City,,Kathmandu Metropolitan City
22,Ramechhap,Manthali Municipality,Manthali,Manthali
23,Rautahat,Yamunamai Rural Municipality,,Yamunamai
24,Saptari,Chhinnamasta Rural Municipality,Chhinnamasta,Chhinnamasta
25,Saptari,Hanumannagarkankalini Municipality,,Hanumannagarkankalini
26,Rautahat,Durgabhagawati Rural Municipality,,Durgabhagawati
27,Sunsari,Dewanganj Rural Municipality,Dewanganj,Dewanganj
28,Morang,Urlabari Municipality,,Urlabari
29,Banke,Kohalpur Municipality,Kohalpur,Kohalpur
30,Banke,Raptisonari Rural Municipality,,Raptisonari
31,Sarlahi,Bagmati Municipality,Bagmati,Bagmati
32,Sarlahi,Bagmati Municipality,Bagmati,Bagmati
33,Sarlahi,Bagmati Municipality,Bagmati,Bagmati
34,Dhanusha,Sabaila Municipality,Sabaila,Sabaila
35,Saptari,Khadak Municipality,Khadak,Khadak
36,Jhapa,Birtamod Municipality,Birtamod,Birtamod
37,Solukhumbu,Mapya Dudhkoshi Rural Municipality,,Mapya Dudhkoshi
38,Palpa,Baganaskali Rural Municipality,,Baganaskali
39,Kapilbastu,Maharajgunj Municipality,Maharajgunj,Maharajgunj
40,Kaski,Pokharalekhnath Metropolitan City,,Pokharalekhnath Metropolitan City
41,Bara,Simraungadh Municipality,Simraungadh,Simraungadh
42,Rautahat,Rajdevi Municipality,Rajdevi,Rajdevi
43,Rautahat,Brindawan Municipality,,Brindawan
44,Sarlahi,Basbariya Rural Municipality,Basbariya,Basbariya
45,Dhanusha,Dhanushadham Municipality,,Dhanushadham
46,Siraha,Sukhipur Municipality,Sukhipur,Sukhipur
47,Saptari,Krishnasawaran Rural Municipality,,Krishnasawaran
48,Saptari,Rupani Rural Municipality,Rupani,Rupani
49,Khotang,Diktel Rupakot Majhuwagadhi Municipality,,Diktel Rupakot Majhuwagadhi
50,Jumla,Chandannath Municipality,Chandannath,Chandannath
51,Bardiya,Thakurbaba Municipality,Thakurbaba,Thakurbaba
52,Nawalparasi (Bardghat Susta East),Madhyabindu Municipality,Madhyabindu,Madhyabindu
53,Nawalparasi (Bardghat Susta East),Gaidakot Municipality,Gaidakot,Gaidakot
54,Chitawan,Bharatpur Metropolitan City,,Bharatpur Metropolitan City
55,Bara,Jeetpursimara Submetropolitan City,,Jeetpursimara
56,Rautahat,Paroha Municipality,Paroha,Paroha
57,Saptari,Tilathikoiladi Rural Municipality,,Tilathikoiladi
58,Saptari,Kanchanrup Municipality,Kanchanrup,Kanchanrup
59,Saptari,Bodebarsain Municipality,,Bodebarsain
60,Taplejung,Sirijangha Rural Municipality,Sirijangha,Sirijangha
61,Myagdi,Dhawalagiri Rural Municipality,,Dhawalagiri
62,Rautahat,Chandrapur Municipality,Chandrapur,Chandrapur
63,Dhanusha,Ganeshmancharnath Municipality,,Ganeshmancharnath
64,Siraha,Lahan Municipality,Lahan,Lahan
65,Saptari,Surunga Municipality,Surunga,Surunga
66,Saptari,Tirahut Rural Municipality,Tirahut,Tirahut
67,Saptari,Saptakoshi Municipality,Saptakoshi,Saptakoshi
68,Sunsari,Duhabi Municipality,Duhabi,Duhabi
69,Shankhuwasabha,Chainpur Municipality,Chainpur,Chainpur
70,Baglung,Badigad Rural Municipality,Badigad,Badigad
71,Myagdi,Raghuganga Rural Municipality,Raghuganga,Raghuganga
72,Tanahu,Vyas Municipality,,Vyas
73,Makawanpur,Others,,Others
74,Rautahat,Gujara Municipality,Gujara,Gujara
75,Mahottari,Jaleshwor Municipality,,Jaleshwor
76,Siraha,Dhangadhimai Municipality,Dhangadhimai,Dhangadhimai
77,Siraha,Bishnupur Rural Municipality,Bishnupur,Bishnupur
78,Siraha,Bishnupur Rural Municipality,Bishnupur,Bishnupur
79,Siraha,Kalyanpur Municipality,Kalyanpur,Kalyanpur
80,Sunsari,Itahari Submetropolitan City,Itahari,Itahari
81,Sunsari,Barahkshetra Municipality,,Barahkshetra
82,Udayapur,Triyuga Municipality,Triyuga,Triyuga
83,Udayapur,Katari Municipality,Katari,Katari
84,Dolpa,Mudkechula Rural Municipality,Mudkechula,Mudkechula
85,Bardiya,Rajapur Municipality,Rajapur,Rajapur
86,Banke,Duduwa Rural Municipality,Duduwa,Duduwa
87,Banke,Nepalgunj Submetropolitan City,Nepalgunj,Nepalgunj
88,Kapilbastu,Mayadevi Rural Municipality,Mayadevi,Mayadevi
89,Kapilbastu,Mayadevi Rural Municipality,Mayadevi,Mayadevi
90,Parsa,Parsagadhi Municipality,Parsagadhi,Parsagadhi
91,Bara,Bishrampur Rural Municipality,Bishrampur,Bishrampur
92,Rautahat,Gaur Municipality,Gauradhaha,Gaur
93,Rautahat,Gaur Municipality,Gauriganj,Gaur
94,Rautahat,Gaur Municipality,Gaurishankar,Gaur
95,Rautahat,Gaur Municipality,Gaur,Gaur
96,Rautahat,Gaur Municipality,Gauriganga,Gaur
97,Rautahat,Gadhimai Municipality,Gadhimai,Gadhimai
98,Mahottari,Mahottari Rural Municipality,Mahottari,Mahottari
99,Mahottari,Bardibas Municipality,Bardibas,Bardibas
100,Saptari,Dakneshwori Municipality,Dakneshwori,Dakneshwori
101,Morang,Budhiganga Rural Municipality,Budhiganga,Budhiganga
102,Morang,Budhiganga Rural Municipality,Budhiganga,Budhiganga
103,Khotang,Barahapokhari Rural Municipality,Barahapokhari,Barahapokhari
104,Kapilbastu,Shivraj Municipality,,Shivraj
105,Kapilbastu,Bijaynagar Rural Municipality,,Bijaynagar
106,Rupandehi,Devdaha Municipality,Devdaha,Devdaha
107,Tanahu,Bhimad Municipality,Bhimad,Bhimad
108,Kathmandu,Kageshworimanohara Municipality,,Kageshworimanohara
109,Sindhupalchowk,Panchpokharithangpal Rural Municipality,,Panchpokharithangpal
110,Ramechhap,Umakunda Rural Municipality,Umakunda,Umakunda
111,Rautahat,Madhavnarayan Municipality,,Madhavnarayan
112,Dhanusha,Hansapur Municipality,Hansapur,Hansapur
113,Siraha,Anarma Rural Municipality,,Anarma
114,Rukum East,Puthauttarganga Rural Municipality,,Puthauttarganga
115,Mustang,Gharpajhong Rural Municipality,,Gharpajhong
116,Kathmandu,Nagarjun Municipality,Nagarjun,Nagarjun
117,Makawanpur,Manahari Rural Municipality,Manahari,Manahari
118,Kavrepalanchowk,Banepa Municipality,Banepa,Banepa
119,Rautahat,Baudhimai Municipality,Baudhimai,Baudhimai
120,Rautahat,Katahariya Municipality,Katahariya,Katahariya
121,Mahottari,Gaushala Municipality,Gaushala,Gaushala
122,Dhanusha,Aurahi Rural Municipality,Aurahi,Aurahi
123,Dhanusha,Aurahi Rural Municipality,Aurahi,Aurahi
124,Siraha,Laxmipurpatari Rural Municipality,,Laxmipurpatari
125,Siraha,Nawarajpur Rural Municipality,Nawarajpur,Nawarajpur
126,Bhojpur,Temkemaiyun Rural Municipality,,Temkemaiyun
127,Bhojpur,Pauwadungma Rural Municipality,Pauwadungma,Pauwadungma
128,Terhathum,Phedap Rural Municipality,Phedap,Phedap
129,Tanahu,Ghiring Rural Municipality,Ghiring,Ghiring
130,Parsa,Birgunj Metropolitan City,,Birgunj Metropolitan City
131,Bara,Kalaiya Submetropolitan City,Kalaiya,Kalaiya
132,Dhanusha,Mukhiyapattimusaharmiya Rural Municipality,,Mukhiyapattimusaharmiya
133,Dhanusha,Laxminiya Rural Municipality,,Laxminiya
134,Siraha,Siraha Municipality,Siraha,Siraha
135,Saptari,Rajgadh Rural Municipality,,Rajgadh
136,Morang,Belbari Municipality,Belbari,Belbari
137,Solukhumbu,Thulung Dudhkoshi Rural Municipality,,Thulung Dudhkoshi
138,Khotang,Jantedhunga Rural Municipality,Jantedhunga,Jantedhunga
139,Makawanpur,Bagmati Rural Municipality,Bagmati,Bagmati
140,Makawanpur,Bagmati Rural Municipality,Bagmati,Bagmati
141,Makawanpur,Bagmati Rural Municipality,Bagmati,Bagmati
142,Kailali,Tikapur Municipality,Tikapur,Tikapur
143,Rolpa,Pariwartan Rural Municipality,,Pariwartan
144,Arghakhanchi,Shitaganga Municipality,,Shitaganga
145,Kapilbastu,Shuddhodhan Rural Municipality,,Shuddhodhan
146,Bhaktapur,Madhyapurthimi Municipality,,Madhyapurthimi
147,Saptari,Shambhunath Municipality,Shambhunath,Shambhunath
148,Udayapur,Rautamai Rural Municipality,Rautamai,Rautamai
149,Ilam,Suryodaya Municipality,Suryodaya,Suryodaya
150,Rautahat,Garuda Municipality,Garuda,Garuda
151,Sarlahi,Barhathwa Municipality,,Barhathwa
152,Sunsari,Koshi Rural Municipality,Koshi,Koshi
153,Sunsari,Koshi Rural Municipality,Koshi Tappu Wildlife Reserve,Koshi
154,Sunsari,Koshi Rural Municipality,Koshi Tappu Wildlife Reserve,Koshi
155,Sunsari,Koshi Rural Municipality,Koshi Tappu Wildlife Reserve,Koshi
156,Taplejung,Maiwakhola Rural Municipality,Maiwakhola,Maiwakhola
157,Baglung,Jaimini Municipality,,Jaimini
158,Kathmandu,Kirtipur Municipality,Kirtipur,Kirtipur
159,Chitawan,Kalika Municipality,Kalika,Kalika
160,Chitawan,Kalika Municipality,Kalikamai,Kalika
161,Chitawan,Kalika Municipality,Kalika,Kalika
162,Chitawan,Kalika Municipality,Kalika,Kalika
163,Morang,Biratnagar Metropolitan City,,Biratnagar Metropolitan City
164,Rupandehi,Butwal Submetropolitan City,Butwal,Butwal
165,Bara,Baragadhi Rural Municipality,Baragadhi,Baragadhi
166,Sarlahi,Bishnu Rural Municipality,Bishnupur,Bishnu
167,Sarlahi,Bishnu Rural Municipality,Bishnupur,Bishnu
168,Sarlahi,Bishnu Rural Municipality,Bishnu,Bishnu
169,Morang,Sundarharaicha Municipality,Sundarharaicha,Sundarharaicha
170,Gulmi,Musikot Municipality,Musikot,Musikot
171,Gulmi,Musikot Municipality,Musikot,Musikot
172,Rupandehi,Omsatiya Rural Municipality,Omsatiya,Omsatiya
173,Lalitpur,Mahalaxmi Municipality,Mahalaxmi,Mahalaxmi
174,Lalitpur,Mahalaxmi Municipality,Mahalaxmi,Mahalaxmi
175,Humla,Tajakot Rural Municipality,,Tajakot
176,Sunsari,Dharan Submetropolitan City,Dharan,Dharan
177,Taplejung,Sidingba Rural Municipality,Sidingba,Sidingba
178,Kathmandu,Chandragiri Municipality,Chandragiri,Chandragiri
179,Chitawan,Ratnanagar Municipality,Ratnanagar,Ratnanagar
180,Rautahat,Ishnath Municipality,,Ishnath
181,Rautahat,Rajpur Municipality,Rajpur,Rajpur
182,Rautahat,Rajpur Municipality,Rajpur,Rajpur
183,Sarlahi,Malangwa Municipality,,Malangwa
184,Ilam,Chulachuli Rural Municipality,Chulachuli,Chulachuli
185,Bajura,Budhiganga Municipality,Budhiganga,Budhiganga
186,Bajura,Budhiganga Municipality,Budhiganga,Budhiganga
187,Shyanja,Arjunchaupari Rural Municipality,Arjunchaupari,Arjunchaupari
188,Ramechhap,Khandadevi Rural Municipality,,Khandadevi
189,Mahottari,Manrashiswa Rural Municipality,,Manrashiswa
190,Dhanusha,Bideha Municipality,Bideha,Bideha
191,Humla,Simkot Rural Municipality,Simkot,Simkot
192,Dang,Tulsipur Submetropolitan City,Tulsipur,Tulsipur
193,Manang,Manang Ngisyang Rural Municipality,,Manang Ngisyang
194,Dhading,Jwalamukhi Rural Municipality,Jwalamukhi,Jwalamukhi
195,Bara,Kolhabi Municipality,Kolhabi,Kolhabi
196,Dhanusha,Janakpur Submetropolitan City,Janakpur,Janakpur
197,Bhojpur,Hatuwagadhi Rural Municipality,Hatuwagadhi,Hatuwagadhi
198,Taplejung,Phungling Municipality,Phungling,Phungling
199,Gorkha,Palungtar Municipality,Palungtar,Palungtar
200,Jhapa,Gauradaha Municipality,,Gauradaha
201,Shankhuwasabha,Panchkhapan Municipality,,Panchkhapan
202,Shankhuwasabha,Chichila Rural Municipality,Chichila,Chichila
203,Jhapa,Kachankawal Rural Municipality,Kachankawal,Kachankawal
204,Humla,Sarkegad Rural Municipality,Sarkegad,Sarkegad
205,Rolpa,Sunil Smriti Rural Municipality,,Sunil Smriti
206,Tanahu,Rishing Rural Municipality,,Rishing
207,Bhaktapur,Changunarayan Municipality,Changunarayan,Changunarayan
208,Sarlahi,Kaudena Rural Municipality,Kaudena,Kaudena
209,Morang,Kanepokhari Rural Municipality,Kanepokhari,Kanepokhari
210,Morang,Letang Municipality,Letang,Letang
211,Dang,Gadhawa Rural Municipality,Gadhawa,Gadhawa
212,Rolpa,Gangadev Rural Municipality,,Gangadev
213,Rolpa,Rolpa Municipality,Rolpa,Rolpa
214,Myagdi,Beni Municipality,Benighat Rorang,Beni
215,Myagdi,Beni Municipality,Beni,Beni
216,Gorkha,Barpak Sulikot Rural Municipality,,Barpak Sulikot
217,Mahottari,Pipra Rural Municipality,Pipra,Pipra
218,Siraha,Golbazar Municipality,Golbazar,Golbazar
219,Bara,Parwanipur Rural Municipality,Parwanipur,Parwanipur
220,Jhapa,Arjundhara Municipality,Arjundhara,Arjundhara
221,Khotang,Khotehang Rural Municipality,Khotehang,Khotehang
222,Mahottari,Bhagaha Municipality,,Bhagaha
223,Jhapa,Buddhashanti Rural Municipality,Buddhashanti,Buddhashanti
224,Taplejung,Pathibhara Yangwarak Rural Municipality,,Pathibhara Yangwarak
225,Bajhang,Jayaprithvi Municipality,,Jayaprithvi
226,Parbat,Kushma Municipality,Kushma,Kushma
227,Mahottari,Sonma Rural Municipality,,Sonma
228,Mahottari,Ramgopalpur Municipality,Ramgopalpur,Ramgopalpur
229,Morang,Katahari Rural Municipality,Katahari,Katahari
230,Morang,Katahari Rural Municipality,Katahariya,Katahari
231,Banke,Khajura Rural Municipality,Khajura,Khajura
232,Rolpa,Lungri Rural Municipality,Lungri,Lungri
233,Saptari,Rajbiraj Municipality,Rajbiraj,Rajbiraj
234,Sunsari,Gadhi Rural Municipality,Gadhi,Gadhi
235,Sunsari,Gadhi Rural Municipality,Chautara SangachokGadhi,Gadhi
236,Sunsari,Gadhi Rural Municipality,Gadhimai,Gadhi
237,Achhaam,Mellekh Rural Municipality,Mellekh,Mellekh
238,Doti,Dipayalsilgadhi Municipality,,Dipayalsilgadhi
239,Shyanja,Aandhikhola Rural Municipality,Aandhikhola,Aandhikhola
240,Chitawan,Madi Municipality,Madi,Madi
241,Chitawan,Madi Municipality,Madi,Madi
242,Chitawan,Madi Municipality,Madi,Madi
243,Chitawan,Madi Municipality,Madi,Madi
244,Rasuwa,Uttargaya Rural Municipality,Uttargaya,Uttargaya
245,Morang,Sunawarshi Municipality,,Sunawarshi
246,Jhapa,Kamal Rural Municipality,Kamal,Kamal
247,Jhapa,Kamal Rural Municipality,Kamala,Kamal
248,Jhapa,Kamal Rural Municipality,Kamalamai,Kamal
249,Jhapa,Kamal Rural Municipality,Kamalbazar,Kamal
250,Jhapa,Haldibari Rural Municipality,Haldibari,Haldibari
251,Mahottari,Aurahi Municipality,Aurahi,Aurahi
252,Mahottari,Aurahi Municipality,Aurahi,Aurahi
253,Sunsari,Bhokraha Narsingha Rural Municipality,,Bhokraha Narsingha
254,Udayapur,Belaka Municipality,Belaka,Belaka
255,Baitadi,Dasharathchand Municipality,Dasharathchanda,Dasharathchand
256,Rolpa,Runtigadhi Rural Municipality,,Runtigadhi
257,Parbat,Jaljala Rural Municipality,Jaljala,Jaljala
258,Sunsari,Barju Rural Municipality,Barju,Barju
259,Udayapur,Chaudandigadhi Municipality,Chaudandigadhi,Chaudandigadhi
260,Shankhuwasabha,Makalu Rural Municipality,Makalu,Makalu
261,Pyuthan,Sarumarani Rural Municipality,Sarumarani,Sarumarani
262,Kapilbastu,Kapilvastu Municipality,,Kapilvastu
263,Rasuwa,Gosaikunda Rural Municipality,Gosaikunda,Gosaikunda
264,Kavrepalanchowk,Dhulikhel Municipality,Dhulikhel,Dhulikhel
265,Sindhuli,Tinpatan Rural Municipality,Tinpatan,Tinpatan
266,Okhaldhunga,Khijidemba Rural Municipality,Khijidemba,Khijidemba
267,Dang,Ghorahi Submetropolitan City,Ghorahi,Ghorahi
268,Pyuthan,Airawati Rural Municipality,,Airawati
269,Baglung,Bareng Rural Municipality,Bareng,Bareng
270,Nuwakot,Bidur Municipality,Bidur,Bidur
271,Ramechhap,Ramechhap Municipality,Ramechhap,Ramechhap
272,Saptari,Balanbihul Rural Municipality,,Balanbihul
273,Panchthar,Phalelung Rural Municipality,,Phalelung
274,Banke,Janaki Rural Municipality,Janaki,Janaki
275,Gulmi,Reshunga Municipality,,Reshunga
276,Arghakhanchi,Malarani Rural Municipality,Malarani,Malarani
277,Makawanpur,Bhimphedi Rural Municipality,Bhimphedi,Bhimphedi
278,Kavrepalanchowk,Panchkhal Municipality,Panchkhal,Panchkhal
279,Panchthar,Phidim Municipality,Phidim,Phidim
280,Palpa,Rainadevichhahara Rural Municipality,,Rainadevichhahara
281,Palpa,Tansen Municipality,Tansen,Tansen
282,Kathmandu,Dakshinkali Municipality,Dakshinkali,Dakshinkali
283,Bhaktapur,Bhaktapur Municipality,Bhaktapur,Bhaktapur
284,Makawanpur,Bakaiya Rural Municipality,Bakaiya,Bakaiya
285,Rasuwa,Naukunda Rural Municipality,Naukunda,Naukunda
286,Kavrepalanchowk,Roshi Rural Municipality,Roshi,Roshi
287,Morang,Gramthan Rural Municipality,Gramthan,Gramthan
288,Jhapa,Bhadrapur Municipality,Bhadrapur,Bhadrapur
289,Terhathum,Chhathar Rural Municipality,Chhathar Jorpati,Chhathar
290,Terhathum,Chhathar Rural Municipality,Chhathar,Chhathar
291,Shankhuwasabha,Bhotkhola Rural Municipality,Bhotkhola,Bhotkhola
292,Rukum West,Chaurjahari Municipality,Chaurjahari,Chaurjahari
293,Baglung,Baglung Municipality,Baglung,Baglung
294,Makawanpur,Kailash Rural Municipality,Kailash,Kailash
295,Terhathum,Laligurans Municipality,Laligurans,Laligurans
296,Okhaldhunga,Chishankhugadhi Rural Municipality,,Chishankhugadhi
297,Solukhumbu,Mahakulung Rural Municipality,Mahakulung,Mahakulung
298,Terhathum,Aathrai Rural Municipality,Aathrai Tribeni,Aathrai
299,Terhathum,Aathrai Rural Municipality,Aathrai,Aathrai
300,Baglung,Kathekhola Rural Municipality,,Kathekhola
301,Lalitpur,Lalitpur Metropolitan City,,Lalitpur Metropolitan City
302,Bhaktapur,Suryabinayak Municipality,Suryabinayak,Suryabinayak
303,Dhading,Gangajamuna Rural Municipality,Gangajamuna,Gangajamuna
304,Morang,Rangeli Municipality,Rangeli,Rangeli
305,Jhapa,Damak Municipality,Damak,Damak
306,Udayapur,Tapli Rural Municipality,Tapli,Tapli
307,Jhapa,Kankai Municipality,Kankai,Kankai
308,Arghakhanchi,Bhumikasthan Municipality,,Bhumikasthan
309,Solukhumbu,Khumbupasanglhamu Rural Municipality,,Khumbupasanglhamu
310,Dhading,Neelakantha Municipality,,Neelakantha
311,Nawalparasi (Bardghat Susta East),Binayitribeni Rural Municipality,,Binayitribeni
312,Sindhupalchowk,Chautarasangachowkgadhi Municipality,,Chautarasangachowkgadhi
313,Mahottari,Samsi Rural Municipality,Samsi,Samsi
314,Solukhumbu,Nechasalyan Rural Municipality,Nechasalyan,Nechasalyan
315,Kavrepalanchowk,Bethanchowk Rural Municipality,Bethanchowk,Bethanchowk
316,Lalitpur,Godawari Municipality,Godawari,Godawari
317,Lalitpur,Godawari Municipality,Godawari,Godawari
318,Jhapa,Shivasatakshi Municipality,,Shivasatakshi
319,Sunsari,Harinagar Rural Municipality,Harinagara,Harinagar
320,Khotang,Rawa Besi Rural Municipality,,Rawa Besi
321,Bardiya,Madhuwan Municipality,Madhuwan,Madhuwan
322,Parsa,Bahudarmai Municipality,,Bahudarmai
323,Bajura,Badimalika Municipality,Badimalika,Badimalika
324,Rolpa,Madi Rural Municipality,Madi,Madi
325,Rolpa,Madi Rural Municipality,Madi,Madi
326,Rolpa,Madi Rural Municipality,Madi,Madi
327,Rolpa,Madi Rural Municipality,Madi,Madi
328,Bara,Mahagadhimai Municipality,Mahagadhimai,Mahagadhimai
329,Morang,Ratuwamai Municipality,Ratuwamai,Ratuwamai
330,Dolpa,Tripurasundari Municipality,Tripurasundari,Tripurasundari
331,Dolpa,Tripurasundari Municipality,Tripurasundari,Tripurasundari
332,Kathmandu,Tokha Municipality,Tokha,Tokha
333,Mahottari,Ekdara Rural Municipality,,Ekdara
334,Morang,Patharisanishchare Municipality,,Patharisanishchare
335,Shankhuwasabha,Dharmadevi Municipality,Dharmadevi,Dharmadevi
336,Baitadi,Melauli Municipality,Melauli,Melauli
337,Bajura,Budhinanda Municipality,Budhinanda,Budhinanda
338,Bardiya,Barbardiya Municipality,Barbardiya,Barbardiya
339,Bara,Nijgadh Municipality,Nijgadh,Nijgadh
340,Mahottari,Manara,,Manara
341,Okhaldhunga,Likhu Rural Municipality,Likhupike,Likhu
342,Okhaldhunga,Likhu Rural Municipality,Likhu,Likhu
343,Okhaldhunga,Likhu Rural Municipality,Likhu,Likhu
344,Okhaldhunga,Likhu Rural Municipality,Likhu,Likhu
345,Baglung,Galkot Municipality,Galkot,Galkot
346,Tanahu,Aanbookhaireni Rural Municipality,,Aanbookhaireni
347,Sindhupalchowk,Balephi Rural Municipality,,Balephi
348,Parsa,Pokhariya Municipality,Pokhariya,Pokhariya
349,Sarlahi,Brahmapuri Rural Municipality,,Brahmapuri
350,Bhojpur,Shadananda Municipality,Shadananda,Shadananda
351,Solukhumbu,Sotang Rural Municipality,Sotang,Sotang
352,Chitawan,Khairhani Municipality,,Khairhani
353,Sarlahi,Lalbandi Municipality,Lalbandi,Lalbandi
354,Dhanusha,Kshireshwornath Municipality,,Kshireshwornath
355,Bhojpur,Bhojpur Municipality,Bhojpur,Bhojpur
356,Shankhuwasabha,Khandbari Municipality,Khandbari,Khandbari
357,Palpa,Rampur Municipality,Rampur,Rampur
358,Shyanja,Biruwa Rural Municipality,Biruwa,Biruwa
359,Shyanja,Galyang Municipality,Galyang,Galyang
360,Kavrepalanchowk,Namobuddha Municipality,Namobuddha,Namobuddha
361,Kavrepalanchowk,Chaurideurali Rural Municipality,Chaurideurali,Chaurideurali
362,Pyuthan,Pyuthan Municipality,Pyuthan,Pyuthan
363,Makawanpur,Makawanpurgadhi Rural Municipality,Makawanpurgadhi,Makawanpurgadhi
364,Sindhupalchowk,Sunkoshi Rural Municipality,Sunkoshi,Sunkoshi
365,Sindhupalchowk,Sunkoshi Rural Municipality,Sunkoshi,Sunkoshi
366,Sindhupalchowk,Sunkoshi Rural Municipality,Sunkoshi,Sunkoshi
367,Sindhupalchowk,Sunkoshi Rural Municipality,Sunkoshi,Sunkoshi
368,Dolakha,Jiri Municipality,Jiri,Jiri
369,Bara,Prasauni Rural Municipality,Prasauni,Prasauni
370,Bara,Prasauni Rural Municipality,SakhuwaPrasauni,Prasauni
371,Solukhumbu,Solududhkunda Municipality,,Solududhkunda
372,Dhankuta,Dhankuta Municipality,Dhankuta,Dhankuta
373,Shankhuwasabha,Savapokhari Rural Municipality,,Savapokhari
374,Jumla,Tatopani Rural Municipality,Tatopani,Tatopani
375,Tanahu,Myagde Rural Municipality,Myagde,Myagde
376,Kathmandu,Budhanilkantha Municipality,,Budhanilkantha
377,Sindhuli,Golanjor Rural Municipality,Golanjor,Golanjor
378,Sarlahi,Dhankaul Rural Municipality,Dhankaul,Dhankaul
379,Dhankuta,Pakhribas Municipality,Pakhribas,Pakhribas
380,Bajhang,Masta Rural Municipality,Masta,Masta
381,Chitawan,Rapti Municipality,Rapti,Rapti
382,Chitawan,Rapti Municipality,Rapti,Rapti
383,Chitawan,Rapti Municipality,Rapti Sonari,Rapti
384,Okhaldhunga,Molung Rural Municipality,Molung,Molung
385,Bhojpur,Ramprasadrai Rural Municipality,,Ramprasadrai
386,Taplejung,Aathraitribeni Rural Municipality,,Aathraitribeni
387,Salyan,Chhatreshwori Rural Municipality,Chhatreshwori,Chhatreshwori
388,Kapilbastu,Buddhabhumi Municipality,Buddhabhumi,Buddhabhumi
389,Sarlahi,Chakraghatta Rural Municipality,Chakraghatta,Chakraghatta
390,Nawalparasi (Bardghat Susta West),Palhinandan Rural Municipality,,Palhinandan
391,Khotang,Kepilasgadhi Rural Municipality,,Kepilasgadhi
392,Bhojpur,Arun Rural Municipality,Arun,Arun
393,Ilam,Mansebung Rural Municipality,,Mansebung
394,Sindhupalchowk,Jugal Rural Municipality,Jugal,Jugal
395,Kavrepalanchowk,Bhumlu Rural Municipality,Bhumlu,Bhumlu
396,Sindhuli,Dudhauli Municipality,,Dudhauli
397,Morang,Miklajung Rural Municipality,Miklajung,Miklajung
398,Morang,Miklajung Rural Municipality,Miklajung,Miklajung
399,Ilam,Ilam Municipality,,Ilam
400,Surkhet,Chaukune Rural Municipality,Chaukune,Chaukune
401,Nawalparasi (Bardghat Susta West),Ramgram Municipality,Ramgram,Ramgram
402,Nawalparasi (Bardghat Susta West),Bardghat Municipality,,Bardghat
403,Baglung,Tarakhola Rural Municipality,,Tarakhola
404,Sindhupalchowk,Bahrabise Municipality,,Bahrabise
405,Rupandehi,Gaidahawa Rural Municipality,Gaidahawa,Gaidahawa
406,Lalitpur,Mahankal Rural Municipality,Mahankal,Mahankal
407,Ramechhap,Gokulganga Rural Municipality,Gokulganga,Gokulganga
408,Mahottari,Loharpatti Municipality,Loharpatti,Loharpatti
409,Gulmi,Dhurkot Rural Municipality,Dhurkot,Dhurkot
410,Pyuthan,Gaumukhi Rural Municipality,Gaumukhi,Gaumukhi
411,Chitawan,Bharatpur,Bharatpur,Bharatpur
412,Sarlahi,Balra Municipality,,Balra
413,Salyan,Bagchaur Municipality,Bagchaur,Bagchaur
414,Kapilbastu,Banganga Municipality,Banganga,Banganga
415,Dhading,Benighatrorang Rural Municipality,,Benighatrorang
416,Bara,Suwarna Rural Municipality,Suwarna,Suwarna
417,Bara,Suwarna Rural Municipality,Suwarnabati,Suwarna
418,Dhanusha,Mithila Municipality,Mithila,Mithila
419,Dhanusha,Mithila Municipality,Mithila Bihari,Mithila
420,Morang,Dhanapalthan Rural Municipality,,Dhanapalthan
421,Khotang,Sakela Rural Municipality,Sakela,Sakela
422,Dhankuta,Choubise Rural Municipality,,Choubise
423,Ilam,Maijogmai Rural Municipality,Maijogmai,Maijogmai
424,Bajhang,Khaptadchhanna Rural Municipality,Khaptadchhanna,Khaptadchhanna
425,Kapilbastu,Shivaraj,Shivaraj,Shivaraj
426,Parbat,Mahashila Rural Municipality,Mahashila,Mahashila
427,Sarlahi,Haripur Municipality,Haripur,Haripur
428,Sarlahi,Haripur Municipality,Haripurwa,Haripur
429,Nawalparasi (Bardghat Susta West),Pratappur Rural Municipality,Pratappur,Pratappur
430,Achhaam,Panchadewalbinayak Municipality,,Panchadewalbinayak
431,Nawalparasi (Bardghat Susta East),Bulingtar Rural Municipality,Bulingtar,Bulingtar
432,Shyanja,Chapakot Municipality,Chapakot,Chapakot
433,Sarlahi,Lalbandi,Lalbandi,Lalbandi
434,Sunsari,Ramdhuni Municipality,Ramdhuni,Ramdhuni
435,Dhankuta,Sahidbhumi Rural Municipality,,Sahidbhumi
436,Doti,Sayal Rural Municipality,Sayal,Sayal
437,Bara,Devtal Rural Municipality,Devtal,Devtal
438,Rautahat,Dewahigonahi Municipality,,Dewahigonahi
439,Salyan,Bangadkupinde Municipality,,Bangadkupinde
440,Rupandehi,Lumbinisanskritik Municipality,,Lumbinisanskritik
441,Sarlahi,Godaita Municipality,Godaita,Godaita
442,Mahottari,Balwa Municipality,Balwa,Balwa
443,Kanchanpur,Punarbas Municipality,Punarbas,Punarbas
444,Nawalparasi (Bardghat Susta East),Kawasoti Municipality,Kawasoti,Kawasoti
445,Parbat,Modi Rural Municipality,Modi,Modi
446,Kavrepalanchowk,Mandandeupur Municipality,Mandandeupur,Mandandeupur
447,Gulmi,Gulmidarbar Rural Municipality,Gulmidarbar,Gulmidarbar
448,Kathmandu,Gokarneshwor Municipality,Gokarneshwor,Gokarneshwor
449,Sindhupalchowk,Lisankhupakhar Rural Municipality,,Lisankhupakhar
450,Sindhuli,Phikkal Rural Municipality,Phikkal,Phikkal
451,Dang,Lamahi Municipality,Lamahi,Lamahi
452,Lamjung,Madhyanepal Municipality,,Madhyanepal
453,Lamjung,Rainas Municipality,Rainas,Rainas
454,Baglung,Tamankhola Rural Municipality,,Tamankhola
455,Bajhang,Chhabispathivera Rural Municipality,,Chhabispathivera
456,Bardiya,Badhaiyatal Rural Municipality,Badhaiyatal,Badhaiyatal
457,Shyanja,Putalibazar Municipality,Putalibazar,Putalibazar
458,Kaski,Annapurna Rural Municipality,Annapurna,Annapurna
459,Kaski,Annapurna Rural Municipality,Annapurna,Annapurna
460,Ramechhap,Sunapati Rural Municipality,Sunapati,Sunapati
461,Ilam,Rong Rural Municipality,Rong,Rong
462,Sindhupalchowk,Helambu Rural Municipality,Helambu,Helambu
463,Siraha,Bhagwanpur Rural Municipality,,Bhagwanpur
464,Kapilbastu,Krishnanagar Municipality,Krishnanagar,Krishnanagar
465,Parsa,Thori Rural Municipality,Thori,Thori
466,Dhanusha,Shahidnagar Municipality,,Shahidnagar
467,Palpa,Purbakhola Rural Municipality,Purbakhola,Purbakhola
468,Bara,Pachrauta Municipality,,Pachrauta
469,Darchula,Naugad Rural Municipality,Naugad,Naugad
470,Rukum West,Banphikot Rural Municipality,,Banphikot
471,Tanahu,Bhanu Municipality,Bhanu,Bhanu
472,Gorkha,Bhimsenthapa Rural Municipality,,Bhimsenthapa
473,Parsa,Jagarnathpur Rural Municipality,Jagarnathpur,Jagarnathpur
474,Lamjung,Kwholasothar Rural Municipality,Kwholasothar,Kwholasothar
475,Lamjung,Dordi Rural Municipality,Dordi,Dordi
476,Mahottari,Matihani Municipality,Matihani,Matihani
477,Rupandehi,Tilottama Municipality,,Tilottama
478,Sarlahi,Kawilasi Municipality,,Kawilasi
479,Jhapa,Gaurigunj Rural Municipality,,Gaurigunj
480,Bhojpur,Aamchowk Rural Municipality,Aamchowk,Aamchowk
481,Parsa,Dhobini Rural Municipality,Dhobini,Dhobini
482,Dhankuta,Chhatharjorpati Rural Municipality,,Chhatharjorpati
483,Achhaam,Chaurpati Rural Municipality,Chaurpati,Chaurpati
484,Salyan,Kalimati Rural Municipality,Kalimati,Kalimati
485,Baglung,Nisikhola Rural Municipality,Nisikhola,Nisikhola
486,Shyanja,Waling Municipality,Waling,Waling
487,Dhading,Rubivalley Rural Municipality,,Rubivalley
488,Udayapur,Udayapurgadhi Rural Municipality,Udayapurgadhi,Udayapurgadhi
489,Sindhupalchowk,Indrawati Rural Municipality,Indrawati,Indrawati
490,Morang,Jahada Rural Municipality,Jahada,Jahada
491,Doti,Jorayal Rural Municipality,Jorayal,Jorayal
492,Sindhuli,Ghyanglekh Rural Municipality,,Ghyanglekh
493,Parsa,Paterwasugauli Rural Municipality,Paterwasugauli,Paterwasugauli
494,Achhaam,Turmakhad Rural Municipality,Turmakhad,Turmakhad
495,Nawalparasi (Bardghat Susta East),Baudikali Rural Municipality,,Baudikali
496,Khotang,Diprung Chuichumma Rural Municipality,,Diprung Chuichumma
497,Kavrepalanchowk,Panauti Municipality,Panauti,Panauti
498,Rukum East,Sisne Rural Municipality,Sisne,Sisne
499,Achhaam,Mangalsen Municipality,Mangalsen,Mangalsen
500,Achhaam,Sanfebagar Municipality,,Sanfebagar
501,Rupandehi,Rohini Rural Municipality,Rohini,Rohini
502,Achhaam,Kamalbazar Municipality,Kamalbazar,Kamalbazar
503,Achhaam,Bannigadhijaygadh Rural Municipality,,Bannigadhijaygadh
504,Achhaam,Dhakari Rural Municipality,Dhakari,Dhakari
505,Sindhupalchowk,Bhotekoshi Rural Municipality,Bhotekoshi,Bhotekoshi
506,Rasuwa,Kalika Rural Municipality,Kalika,Kalika
507,Rasuwa,Kalika Rural Municipality,Kalikamai,Kalika
508,Rasuwa,Kalika Rural Municipality,Kalika,Kalika
509,Rasuwa,Kalika Rural Municipality,Kalika,Kalika
510,Parsa,Jirabhawani Rural Municipality,Jirabhawani,Jirabhawani
511,Kanchanpur,Beldandi Rural Municipality,Beldandi,Beldandi
512,Gorkha,Dharche Rural Municipality,Dharche,Dharche
513,Bara,Aadarshakotwal Rural Municipality,,Aadarshakotwal
514,Salyan,Sharada Municipality,Sharada,Sharada
515,Dolakha,Bhimeshwor Municipality,Bhimeshwor,Bhimeshwor
516,Parsa,Bindabasini Rural Municipality,Bindabasini,Bindabasini
517,Saptari,Mahadeva Rural Municipality,Mahadeva,Mahadeva
518,Rukum West,Triveni Rural Municipality,,Triveni
519,Pyuthan,Naubahini Rural Municipality,Naubahini,Naubahini
520,Pyuthan,Swargadwari Municipality,,Swargadwari
521,Arghakhanchi,Sandhikharka Municipality,Sandhikharka,Sandhikharka
522,Parbat,Phalewas Municipality,,Phalewas
523,Bardiya,Geruwa Rural Municipality,Geruwa,Geruwa
524,Palpa,Tinau Rural Municipality,Tinau,Tinau
525,Makawanpur,Indrasarowar Rural Municipality,Indrasarowar,Indrasarowar
526,Dhanusha,Kamalasiddhidatri Rural Municipality,,Kamalasiddhidatri
527,Bajura,Triveni Municipality,,Triveni
528,Dang,Bangalachuli Rural Municipality,,Bangalachuli
529,Lamjung,Besishahar Municipality,Besishahar,Besishahar
530,Rukum West,Sanibheri Rural Municipality,,Sanibheri
531,Gulmi,Satyawati Rural Municipality,Satyawati,Satyawati
532,Gulmi,Malika Rural Municipality,Malika,Malika
533,Gulmi,Malika Rural Municipality,Malika,Malika
534,Gulmi,Malika Rural Municipality,Malikaarjun,Malika
535,Dailekh,Narayan Municipality,Madhav Narayan,Narayan
536,Dailekh,Narayan Municipality,Narayan,Narayan
537,Rukum East,Bhume Rural Municipality,Bhumekasthan,Bhume
538,Rukum East,Bhume Rural Municipality,Bhume,Bhume
539,Nuwakot,Belkotgadhi Municipality,Belkotgadhi,Belkotgadhi
540,Salyan,Kumakh Rural Municipality,Kumakhmalika,Kumakh
541,Banke,Narainapur Rural Municipality,Narainapur,Narainapur
542,Dang,Babai Rural Municipality,Babai,Babai
543,Kapilbastu,Yasodhara Rural Municipality,,Yasodhara
544,Mugu,Mugumkarmarong Rural Municipality,,Mugumkarmarong
545,Gorkha,Siranchowk Rural Municipality,,Siranchowk
546,Nuwakot,Kispang Rural Municipality,Kispang,Kispang
547,Parsa,Chhipaharmai Rural Municipality,Chhipaharmai,Chhipaharmai
548,Siraha,Sakhuwanankarkatti Rural Municipality,Sakhuwanankarkatti,Sakhuwanankarkatti
549,Bajhang,Durgathali Rural Municipality,Durgathali,Durgathali
550,Bajhang,Thalara Rural Municipality,Thalara,Thalara
551,Chitawan,Ichchhakamana Rural Municipality,,Ichchhakamana
552,Jhapa,Jhapa Rural Municipality,Jhapa,Jhapa
553,Dang,Dangisharan Rural Municipality,Dangisharan,Dangisharan
554,Siraha,Mirchaiya Municipality,Mirchaiya,Mirchaiya
555,Panchthar,Kummayak Rural Municipality,Kummayak,Kummayak
556,Kailali,Gauriganga Municipality,Gauriganga,Gauriganga
557,Kailali,Joshipur Rural Municipality,Joshipur,Joshipur
558,Kailali,Kailari Rural Municipality,Kailari,Kailari
559,Kailali,Mohanyal Rural Municipality,Mohanyal,Mohanyal
560,Kailali,Bardgoriya Rural Municipality,,Bardgoriya
561,Kailali,Dhangadhi Submetropolitan City,Dhangadhimai,Dhangadhi
562,Kailali,Dhangadhi Submetropolitan City,Dhangadhi,Dhangadhi
563,Kailali,Bhajani Municipality,Bhajani,Bhajani
564,Kailali,Lamkichuha Municipality,Lamkichuha,Lamkichuha
565,Rupandehi,Siddarthanagar Municipality,,Siddarthanagar
566,Sarlahi,Ramnagar Rural Municipality,Ramnagar,Ramnagar
567,Dang,Rapti Rural Municipality,Rapti,Rapti
568,Dang,Rapti Rural Municipality,Rapti,Rapti
569,Dang,Rapti Rural Municipality,Rapti Sonari,Rapti
570,Nawalparasi (Bardghat Susta West),Susta Rural Municipality,Susta,Susta
571,Shyanja,Kaligandaki Rural Municipality,Kaligandaki,Kaligandaki
572,Parbat,Bihadi Rural Municipality,Bihadi,Bihadi
573,Nuwakot,Myagong Rural Municipality,,Myagong
574,Sindhuli,Hariharpurgadhi Rural Municipality,Hariharpurgadhi,Hariharpurgadhi
575,Sindhuli,Kamalamai Municipality,Kamalamai,Kamalamai
576,Shankhuwasabha,Silichong Rural Municipality,Silichong,Silichong
577,Mustang,Waragung Muktikshetra Rural Municipality,,Waragung Muktikshetra
578,Dolakha,Kalinchowk Rural Municipality,,Kalinchowk
579,Dailekh,Thantikandh Rural Municipality,Thantikandh,Thantikandh
580,Dolakha,Bigu Rural Municipality,Bigu,Bigu
581,Dadeldhura,Parshuram Municipality,,Parshuram
582,Bardiya,Bansgadhi Municipality,,Bansgadhi
583,Darchula,Malikarjun Rural Municipality,,Malikarjun
584,Dang,Shantinagar Rural Municipality,Shantinagar,Shantinagar
585,Pyuthan,Mandavi Rural Municipality,Mandavi,Mandavi
586,Lamjung,Sundarbazar Municipality,Sundarbazar,Sundarbazar
587,Gorkha,Aarughat Rural Municipality,Aarughat,Aarughat
588,Bara,Karaiyamai Rural Municipality,Karaiyamai,Karaiyamai
589,Achhaam,Ramaroshan Rural Municipality,Ramaroshan,Ramaroshan
590,Palpa,Ribdikot Rural Municipality,Ribdikot,Ribdikot
591,Gorkha,Shahidlakhan Rural Municipality,,Shahidlakhan
592,Rolpa,Thabang Rural Municipality,,Thabang
593,Udayapur,Limchungbung Rural Municipality,,Limchungbung
594,Darchula,Shailyashikhar Municipality,Shailyashikhar,Shailyashikhar
595,Kalikot,Shubha Kalika Rural Municipality,,Shubha Kalika
596,Dolpa,Thulibheri Municipality,,Thulibheri
597,Kavrepalanchowk,Khanikhola Rural Municipality,Khanikhola,Khanikhola
598,Sarlahi,Ishworpur Municipality,Ishworpur,Ishworpur
599,Taplejung,Phaktanglung Rural Municipality,Phaktanglung,Phaktanglung
600,Parsa,Sakhuwaprasauni Rural Municipality,,Sakhuwaprasauni
601,Ramechhap,Doramba Rural Municipality,Doramba,Doramba
602,Dailekh,Bhairabi Rural Municipality,Bhairabi,Bhairabi
603,Dailekh,Chamundabindrasaini Municipality,,Chamundabindrasaini
604,Kanchanpur,Belauri Municipality,Belauri,Belauri
605,Rasuwa,Aamachhodingmo Rural Municipality,,Aamachhodingmo
606,Surkhet,Chingad Rural Municipality,Chingad,Chingad
607,Pyuthan,Jhimruk Rural Municipality,Jhimruk,Jhimruk
608,Dolakha,Gaurishankar Rural Municipality,Gaurishankar,Gaurishankar
609,Ilam,Deumai Municipality,Deumai,Deumai
610,Rupandehi,Sammarimai Rural Municipality,Sammarimai,Sammarimai
611,Sindhupalchowk,Melamchi Municipality,Melamchi,Melamchi
612,Nuwakot,Kakani Rural Municipality,Kakani,Kakani
613,Shyanja,Harinas Rural Municipality,Harinas,Harinas
614,Panchthar,Hilihang Rural Municipality,Hilihang,Hilihang
615,Arghakhanchi,Chhatradev Rural Municipality,Chhatradev,Chhatradev
616,Gorkha,Gorkha Municipality,Gorkha,Gorkha
617,Surkhet,Bheriganga Municipality,Bheriganga,Bheriganga
618,Dailekh,Dullu Municipality,Dullu,Dullu
619,Terhathum,Menchhayayem Rural Municipality,,Menchhayayem
620,Parbat,Paiyun Rural Municipality,,Paiyun
621,Dhading,Khaniyabas Rural Municipality,Khaniyabash,Khaniyabas
622,Dhading,Netrawati Dabajon Rural Municipality,,Netrawati Dabajon
623,Siraha,Bariyapatti Rural Municipality,,Bariyapatti
624,Surkhet,Gurbhakot Municipality,Gurbhakot,Gurbhakot
625,Nawalparasi (Bardghat Susta West),Sarawal Rural Municipality,Sarawal,Sarawal
626,Makawanpur,Thaha Municipality,Thaha,Thaha
627,Taplejung,Mikwakhola Rural Municipality,Mikwakhola,Mikwakhola
628,Nawalparasi (Bardghat Susta West),Sunwal Municipality,Sunwal,Sunwal
629,Nawalparasi (Bardghat Susta East),Hupsekot Rural Municipality,Hupsekot,Hupsekot
630,Gulmi,Ruru Rural Municipality,Ruru,Ruru
631,Rupandehi,Kanchan Rural Municipality,Kanchanrup,Kanchan
632,Rupandehi,Kanchan Rural Municipality,Kanchan,Kanchan
633,Darchula,Vyans Rural Municipality,,Vyans
634,Nuwakot,Shivapuri Rural Municipality,Shivapuri,Shivapuri
635,Nuwakot,Shivapuri Rural Municipality,Shivapuri Watershed and Wildlife Reserve,Shivapuri
636,Siraha,Karjanha Municipality,Karjanha,Karjanha
637,Nuwakot,Tadi Rural Municipality,Tadi,Tadi
638,Bhojpur,Salpasilichho Rural Municipality,Salpasilichho,Salpasilichho
639,Rukum West,Aathbiskot Municipality,Aathbiskot,Aathbiskot
640,Palpa,Rambha Rural Municipality,Rambha,Rambha
641,Nuwakot,Suryagadhi Rural Municipality,Suryagadhi,Suryagadhi
642,Ilam,Sandakpur Rural Municipality,Sandakpur,Sandakpur
643,Kanchanpur,Bheemdatta Municipality,,Bheemdatta
644,Bajhang,Bitthadchir Rural Municipality,,Bitthadchir
645,Dadeldhura,Aalital Rural Municipality,,Aalital
646,Humla,Chankheli Rural Municipality,Chankheli,Chankheli
647,Palpa,Mathagadhi Rural Municipality,Mathagadhi,Mathagadhi
648,Dhading,Dhunibeshi Municipality,,Dhunibeshi
649,Solukhumbu,Likhupike Rural Municipality,Likhupike,Likhupike
650,Lalitpur,Konjyosom Rural Municipality,Konjyosom,Konjyosom
651,Dhading,Galchhi Rural Municipality,,Galchhi
652,Jumla,Patarasi Rural Municipality,,Patarasi
653,Dolakha,Melung Rural Municipality,Melung,Melung
654,Nuwakot,Panchakanya Rural Municipality,Panchakanya,Panchakanya
655,Jhapa,Bahradashi Rural Municipality,,Bahradashi
656,Bajura,Himali Rural Municipality,Himali,Himali
657,Ilam,Mai Municipality,Maiwakhola,Mai
658,Ilam,Mai Municipality,Mai,Mai
659,Ilam,Mai Municipality,Maijogmai,Mai
660,Humla,Kharpunath Rural Municipality,Kharpunath,Kharpunath
661,Mugu,Chhayanathrara Municipality,,Chhayanathrara
662,Tanahu,Devghat Rural Municipality,Devghat,Devghat
663,Gorkha,Gandaki Rural Municipality,Gandaki,Gandaki
664,Dadeldhura,Navadurga Rural Municipality,,Navadurga
665,Kavrepalanchowk,Mahabharat Rural Municipality,Mahabharat,Mahabharat
666,Achhaam,Hattikot,,Hattikot
667,Jajarkot,Bheri Municipality,Sani Bheri,Bheri
668,Jajarkot,Bheri Municipality,Bheriganga,Bheri
669,Jajarkot,Bheri Municipality,Bheri,Bheri
670,Jajarkot,Bheri Municipality,Thuli Bheri,Bheri
671,Arghakhanchi,Panini Rural Municipality,Panini,Panini
672,Rolpa,Sunchhahari Rural Municipality,Sunchhahari,Sunchhahari
673,Dadeldhura,Amargadhi Municipality,Amargadhi,Amargadhi
674,Dadeldhura,Ajayameru Rural Municipality,,Ajayameru
675,Sunsari,Inaruwa Municipality,Inaruwa,Inaruwa
676,Humla,Adanchuli Rural Municipality,Adanchuli,Adanchuli
677,Myagdi,Mangala Rural Municipality,Mangala,Mangala
678,Bajhang,Kedarasyu Rural Municipality,,Kedarasyu
679,Dailekh,Aathabis Municipality,Aathabis,Aathabis
680,Dadeldhura,Ganyapadhura Rural Municipality,,Ganyapadhura
681,Jajarkot,Nalgaad Municipality,,Nalgaad
682,Bajhang,Bungal Municipality,Bungal,Bungal
683,Rupandehi,Marchawari Rural Municipality,Marchawari,Marchawari
684,Mustang,Thasang Rural Municipality,Thasang,Thasang
685,Kathmandu,Kathmandu,Kathmandu,Kathmandu
686,Dailekh,Dungeshwor Rural Municipality,Dungeshwor,Dungeshwor
687,Jajarkot,Chhedagad Municipality,Chhedagad,Chhedagad
688,Dhading,Tripurasundari Rural Municipality,Tripurasundari,Tripurasundari
689,Dhading,Tripurasundari Rural Municipality,Tripurasundari,Tripurasundari
690,Terhathum,Myanglung Municipality,Myanglung,Myanglung
691,Surkhet,Birendranagar Municipality,Birendranagar,Birendranagar
692,Dailekh,Gurans Rural Municipality,Gurans,Gurans
693,Jajarkot,Kushe Rural Municipality,,Kushe
694,Ilam,Phakphokthum Rural Municipality,,Phakphokthum
695,Jajarkot,Barekot Rural Municipality,Barekot,Barekot
696,Panchthar,Yangwarak Rural Municipality,Yangwarak,Yangwarak
697,Panchthar,Yangwarak Rural Municipality,Yangwarak,Yangwarak
698,Doti,Aadarsha Rural Municipality,,Aadarsha
699,Kalikot,Khandachakra Municipality,Khandachakra,Khandachakra
700,Dhading,Thakre Rural Municipality,Thakre,Thakre
701,Okhaldhunga,Manebhanjyang Rural Municipality,Manebhanjyang,Manebhanjyang
702,Dolpa,Jagdulla Rural Municipality,,Jagdulla
703,Dhading,Gajuri Rural Municipality,Gajuri,Gajuri
704,Lamjung,Marsyangdi Rural Municipality,Marsyangdi,Marsyangdi
705,Mugu,Khatyad Rural Municipality,Khatyad,Khatyad
706,Bajura,Jagannath Rural Municipality,,Jagannath
707,Surkhet,Barahatal Rural Municipality,,Barahatal
708,Surkhet,Lekbeshi Municipality,Lekbeshi,Lekbeshi
709,Kanchanpur,Shuklaphanta Municipality,Shuklaphanta,Shuklaphanta
710,Kanchanpur,Shuklaphanta Municipality,Shuklaphanta National Park,Shuklaphanta
711,Nuwakot,Dupcheshwor Rural Municipality,,Dupcheshwor
712,Gorkha,Chumanuwri Rural Municipality,,Chumanuwri
713,Sarlahi,Chandranagar Rural Municipality,Chandranagar,Chandranagar
714,Gulmi,Chandrakot Rural Municipality,Chandrakot,Chandrakot
715,Manang,Nasong Rural Municipality,,Nasong
716,Morang,Kerabari Rural Municipality,Kerabari,Kerabari
717,Makawanpur,Raksirang Rural Municipality,Raksirang,Raksirang
718,Rupandehi,Siyari Rural Municipality,Siyari,Siyari
719,Mustang,LETE,,LETE
720,Dhankuta,Sangurigadhi Rural Municipality,Sangurigadhi,Sangurigadhi
721,Salyan,Kapurkot Rural Municipality,Kapurkot,Kapurkot
722,Kanchanpur,Mahakali Municipality,Mahakali,Mahakali
723,Kanchanpur,Mahakali Municipality,Mahakali,Mahakali
724,Khotang,Aiselukharka Rural Municipality,,Aiselukharka
725,Ramechhap,Likhu Tamakoshi Rural Municipality,,Likhu Tamakoshi
726,Dolpa,Dolpobuddha Rural Municipality,,Dolpobuddha
727,Dolakha,Tamakoshi Rural Municipality,Tamakoshi,Tamakoshi
728,Dhanusha,Bateshwor Rural Municipality,Bateshwor,Bateshwor
729,Kanchanpur,Bedkot Municipality,Bedkot,Bedkot
730,Rautahat,Maulapur Municipality,Maulapur,Maulapur
731,Okhaldhunga,Champadevi Rural Municipality,Champadevi,Champadevi
732,Nawalparasi (Bardghat Susta East),Devchuli Municipality,Devchuli,Devchuli
733,Baitadi,Patan Municipality,Patan,Patan
734,Kathmandu,Shankharapur Municipality,Shankharapur,Shankharapur
735,Okhaldhunga,Siddhicharan Municipality,Siddhicharan,Siddhicharan
736,Humla,Namkha Rural Municipality,Namkha,Namkha
737,Dhanusha,Nagrain Municipality,,Nagrain
738,Kaski,Machhapuchhre Rural Municipality,,Machhapuchhre
739,Bajura,Khaptad Chhededaha Rural Municipality,,Khaptad Chhededaha
740,Darchula,Duhun Rural Municipality,,Duhun
741,Kalikot,Raskot Municipality,Raskot,Raskot
742,Kalikot,Palata Rural Municipality,Palata,Palata
743,Baitadi,Shivanath Rural Municipality,Shivanath,Shivanath
744,Gulmi,Madane Rural Municipality,Madane,Madane
745,Dhanusha,Dhanauji Rural Municipality,Dhanauji,Dhanauji
746,Gulmi,Chhatrakot Rural Municipality,,Chhatrakot
747,Sindhuli,Marin Rural Municipality,Marin,Marin
748,Dhanusha,Janaknandini Rural Municipality,,Janaknandini
749,Bajura,Swamikartik Khaapar Rural Municipality,,Swamikartik Khaapar
750,Siraha,Naraha Rural Municipality,Naraha,Naraha
751,Siraha,Naraha Rural Municipality,Naraharinath,Naraha
752,Jumla,Sinja Rural Municipality,Sinja,Sinja
753,Panchthar,Phalgunanda Rural Municipality,,Phalgunanda
754,Bajhang,Surma Rural Municipality,Surma,Surma
755,Dadeldhura,Bhageshwor Rural Municipality,,Bhageshwor
756,Lamjung,Dudhpokhari Rural Municipality,Dudhpokhari,Dudhpokhari
757,Dhanusha,Mithilabihari Municipality,,Mithilabihari
758,Shyanja,Phedikhola Rural Municipality,Phedikhola,Phedikhola
759,Parsa,Pakahamainpur Rural Municipality,Pakahamainpur,Pakahamainpur
760,Mustang,Lomanthang Rural Municipality,Lomanthang,Lomanthang
761,Tanahu,Bandipur Rural Municipality,Bandipur,Bandipur
762,Sarlahi,Parsa Rural Municipality,Parsa,Parsa
763,Sarlahi,Parsa Rural Municipality,Parsa Wildlife Reserve,Parsa
764,Sarlahi,Parsa Rural Municipality,Parsa Wildlife Reserve,Parsa
765,Sarlahi,Parsa Rural Municipality,Parsagadhi,Parsa
766,Rupandehi,Sainamaina Municipality,Sainamaina,Sainamaina
767,Salyan,Darma Rural Municipality,Darma,Darma
768,Gulmi,Ishma Rural Municipality,,Ishma
769,Surkhet,Simta Rural Municipality,Simta,Simta
770,Kailali,Ghodaghodi Municipality,Ghodaghodi,Ghodaghodi
771,Dolpa,Shephoksundo Rural Municipality,,Shephoksundo
772,Tanahu,Shuklagandaki Municipality,Shuklagandaki,Shuklagandaki
773,Dailekh,Mahabu Rural Municipality,Mahabu,Mahabu
774,Palpa,Nisdi Rural Municipality,Nisdi,Nisdi
775,Kaski,Rupa Rural Municipality,Rupakot Majhuwagadhi,Rupa
776,Kaski,Rupa Rural Municipality,Rupani,Rupa
777,Kaski,Rupa Rural Municipality,Rupa,Rupa
778,Kalikot,Tilagufa Municipality,Tilagufa,Tilagufa
779,Dailekh,Naumule Rural Municipality,Naumule,Naumule
780,Surkhet,Panchapuri Municipality,,Panchapuri
781,Salyan,Siddha Kumakh Rural Municipality,,Siddha Kumakh
782,Kanchanpur,Krishnapur Municipality,Krishnapur,Krishnapur
783,Panchthar,Tumwewa Rural Municipality,,Tumwewa
784,Kalikot,Pachaljharana Rural Municipality,Pachaljharana,Pachaljharana
785,Baitadi,Purchaudi Municipality,Purchaudi,Purchaudi
786,Jumla,Hima Rural Municipality,Hima,Hima
787,Jumla,Hima Rural Municipality,Himali,Hima
788,Mustang,Lo-Ghekar Damodarkunda Rural Municipality,,Lo-Ghekar Damodarkunda
789,Doti,Purbichauki Rural Municipality,Purbichauki,Purbichauki
790,Parsa,Kalikamai Rural Municipality,Kalikamai,Kalikamai
791,Jajarkot,Shibalaya Rural Municipality,,Shibalaya
792,Kavrepalanchowk,Temal Rural Municipality,Temal,Temal
793,Jhapa,Mechinagar,Mechinagar,Mechinagar
794,Manang,Chame Rural Municipality,Chame,Chame
795,Dhading,Siddhalek Rural Municipality,Siddhalek,Siddhalek
796,Baitadi,Sigas Rural Municipality,Sigas,Sigas
797,Baitadi,Pancheshwor Rural Municipality,,Pancheshwor
798,Kalikot,Narharinath Rural Municipality,,Narharinath
799,Dolakha,Shailung Rural Municipality,,Shailung
800,Saptari,Rajbiraj,Rajbiraj,Rajbiraj
801,Bajura,Gaumul Rural Municipality,Gaumul,Gaumul
802,Darchula,Apihimal Rural Municipality,Apihimal,Apihimal
803,Sarlahi,Haripurwa Municipality,Haripurwa,Haripurwa
804,Darchula,Marma Rural Municipality,Marma,Marma
805,Jumla,Tila Rural Municipality,Tilathi Koiladi,Tila
806,Jumla,Tila Rural Municipality,Tila,Tila
807,Jumla,Tila Rural Municipality,Tilagufa,Tila
808,Nuwakot,Tarakeshwor Rural Municipality,Tarakeshwor,Tarakeshwor
809,Dailekh,Bhagawatimai Rural Municipality,Bhagawatimai,Bhagawatimai
810,Jumla,Guthichaur Rural Municipality,Guthichaur,Guthichaur
811,Bardiya,Bansgadhi,,Bansgadhi
812,Manang,Narpa Bhumi Rural Municipality,,Narpa Bhumi
813,Doti,Shikhar Municipality,Shikhar,Shikhar
814,Kailali,Chure Rural Municipality,Chure,Chure
815,Shankhuwasabha,Chepuwa,,Chepuwa
816,,,Falgunanda,nan
817,,,Shadananda,nan
818,,,Sakhuwanankarkatti,nan
819,,,Janaknandani,nan
820,,,Ratnanagar,nan
821,,,Krishnanagar,nan
822,,,Budhinanda,nan
